alert_id,date,month,quarter,year,department,alert_type,threshold_pct,actual_pct,cumulative_cost,monthly_budget,overspend,severity
ALT-0001,2024-09-25,2024-09,Q3 2024,2024,Engineering,🟠 Halfway (50%),50,51.0,203.9939,400,0.0,Info
ALT-0002,2024-10-14,2024-10,Q4 2024,2024,Engineering,🟠 Halfway (50%),50,51.72,206.8665,400,0.0,Info
ALT-0003,2024-10-18,2024-10,Q4 2024,2024,Engineering,🟡 Warning (70%),70,70.06,280.2254,400,0.0,Warning
ALT-0004,2024-10-25,2024-10,Q4 2024,2024,Engineering,🔴 Critical (90%),90,90.53,362.1159,400,0.0,Critical
ALT-0005,2024-10-30,2024-10,Q4 2024,2024,Engineering,🚨 Budget Exceeded,100,105.34,421.3446,400,21.34,Critical
ALT-0006,2024-11-13,2024-11,Q4 2024,2024,Engineering,🟠 Halfway (50%),50,56.82,227.2674,400,0.0,Info
ALT-0007,2024-11-15,2024-11,Q4 2024,2024,Engineering,🟡 Warning (70%),70,70.59,282.3511,400,0.0,Warning
ALT-0008,2024-11-21,2024-11,Q4 2024,2024,Engineering,🔴 Critical (90%),90,99.46,397.8407,400,0.0,Critical
ALT-0009,2024-11-22,2024-11,Q4 2024,2024,Engineering,🚨 Budget Exceeded,100,107.12,428.4756,400,28.48,Critical
ALT-0010,2024-12-09,2024-12,Q4 2024,2024,Engineering,🟠 Halfway (50%),50,57.84,231.3517,400,0.0,Info
ALT-0011,2024-12-11,2024-12,Q4 2024,2024,Engineering,🟡 Warning (70%),70,73.23,292.9078,400,0.0,Warning
ALT-0012,2024-12-16,2024-12,Q4 2024,2024,Engineering,🚨 Budget Exceeded,100,102.01,408.0263,400,8.03,Critical
ALT-0013,2024-12-16,2024-12,Q4 2024,2024,Engineering,🔴 Critical (90%),90,102.01,408.0263,400,8.03,Critical
ALT-0014,2025-01-05,2025-01,Q1 2025,2025,Engineering,🟠 Halfway (50%),50,50.87,203.4606,400,0.0,Info
ALT-0015,2025-01-07,2025-01,Q1 2025,2025,Engineering,🟡 Warning (70%),70,82.39,329.5573,400,0.0,Warning
ALT-0016,2025-01-08,2025-01,Q1 2025,2025,Engineering,🔴 Critical (90%),90,94.25,377.018,400,0.0,Critical
ALT-0017,2025-01-09,2025-01,Q1 2025,2025,Engineering,🚨 Budget Exceeded,100,106.76,427.0572,400,27.06,Critical
ALT-0018,2025-02-06,2025-02,Q1 2025,2025,Engineering,🟠 Halfway (50%),50,64.59,258.3708,400,0.0,Info
ALT-0019,2025-02-07,2025-02,Q1 2025,2025,Engineering,🟡 Warning (70%),70,88.47,353.8738,400,0.0,Warning
ALT-0020,2025-02-10,2025-02,Q1 2025,2025,Engineering,🚨 Budget Exceeded,100,107.63,430.5339,400,30.53,Critical
ALT-0021,2025-02-10,2025-02,Q1 2025,2025,Engineering,🔴 Critical (90%),90,107.63,430.5339,400,30.53,Critical
ALT-0022,2025-03-04,2025-03,Q1 2025,2025,Engineering,🟠 Halfway (50%),50,69.86,279.4562,400,0.0,Info
ALT-0023,2025-03-05,2025-03,Q1 2025,2025,Engineering,🔴 Critical (90%),90,93.67,374.6902,400,0.0,Critical
ALT-0024,2025-03-05,2025-03,Q1 2025,2025,Engineering,🟡 Warning (70%),70,93.67,374.6902,400,0.0,Warning
ALT-0025,2025-03-06,2025-03,Q1 2025,2025,Engineering,🚨 Budget Exceeded,100,113.72,454.8641,400,54.86,Critical
ALT-0026,2025-04-02,2025-04,Q2 2025,2025,Engineering,🟠 Halfway (50%),50,59.12,236.4831,400,0.0,Info
ALT-0027,2025-04-03,2025-04,Q2 2025,2025,Engineering,🟡 Warning (70%),70,81.47,325.8907,400,0.0,Warning
ALT-0028,2025-04-04,2025-04,Q2 2025,2025,Engineering,🔴 Critical (90%),90,94.72,378.8671,400,0.0,Critical
ALT-0029,2025-04-07,2025-04,Q2 2025,2025,Engineering,🚨 Budget Exceeded,100,115.9,463.5957,400,63.6,Critical
ALT-0030,2025-05-02,2025-05,Q2 2025,2025,Engineering,🟠 Halfway (50%),50,53.43,213.7362,400,0.0,Info
ALT-0031,2025-05-05,2025-05,Q2 2025,2025,Engineering,🟡 Warning (70%),70,80.3,321.1804,400,0.0,Warning
ALT-0032,2025-05-06,2025-05,Q2 2025,2025,Engineering,🚨 Budget Exceeded,100,103.07,412.2689,400,12.27,Critical
ALT-0033,2025-05-06,2025-05,Q2 2025,2025,Engineering,🔴 Critical (90%),90,103.07,412.2689,400,12.27,Critical
ALT-0034,2025-06-03,2025-06,Q2 2025,2025,Engineering,🟠 Halfway (50%),50,62.99,251.9538,400,0.0,Info
ALT-0035,2025-06-04,2025-06,Q2 2025,2025,Engineering,🔴 Critical (90%),90,97.21,388.828,400,0.0,Critical
ALT-0036,2025-06-04,2025-06,Q2 2025,2025,Engineering,🟡 Warning (70%),70,97.21,388.828,400,0.0,Warning
ALT-0037,2025-06-05,2025-06,Q2 2025,2025,Engineering,🚨 Budget Exceeded,100,138.64,554.5732,400,154.57,Critical
ALT-0038,2025-07-02,2025-07,Q3 2025,2025,Engineering,🟡 Warning (70%),70,87.82,351.2949,400,0.0,Warning
ALT-0039,2025-07-02,2025-07,Q3 2025,2025,Engineering,🟠 Halfway (50%),50,87.82,351.2949,400,0.0,Info
ALT-0040,2025-07-03,2025-07,Q3 2025,2025,Engineering,🚨 Budget Exceeded,100,114.75,459.0057,400,59.01,Critical
ALT-0041,2025-07-03,2025-07,Q3 2025,2025,Engineering,🔴 Critical (90%),90,114.75,459.0057,400,59.01,Critical
ALT-0042,2025-08-06,2025-08,Q3 2025,2025,Engineering,🟡 Warning (70%),70,75.51,302.0466,400,0.0,Warning
ALT-0043,2025-08-06,2025-08,Q3 2025,2025,Engineering,🟠 Halfway (50%),50,75.51,302.0466,400,0.0,Info
ALT-0044,2025-08-07,2025-08,Q3 2025,2025,Engineering,🔴 Critical (90%),90,90.37,361.4771,400,0.0,Critical
ALT-0045,2025-08-08,2025-08,Q3 2025,2025,Engineering,🚨 Budget Exceeded,100,105.54,422.1446,400,22.14,Critical
ALT-0046,2025-09-02,2025-09,Q3 2025,2025,Engineering,🟠 Halfway (50%),50,61.65,246.5835,400,0.0,Info
ALT-0047,2025-09-04,2025-09,Q3 2025,2025,Engineering,🟡 Warning (70%),70,76.15,304.5998,400,0.0,Warning
ALT-0048,2025-09-05,2025-09,Q3 2025,2025,Engineering,🚨 Budget Exceeded,100,137.29,549.1642,400,149.16,Critical
ALT-0049,2025-09-05,2025-09,Q3 2025,2025,Engineering,🔴 Critical (90%),90,137.29,549.1642,400,149.16,Critical
ALT-0050,2025-10-03,2025-10,Q4 2025,2025,Engineering,🟠 Halfway (50%),50,63.61,254.4341,400,0.0,Info
ALT-0051,2025-10-06,2025-10,Q4 2025,2025,Engineering,🟡 Warning (70%),70,77.91,311.6424,400,0.0,Warning
ALT-0052,2025-10-07,2025-10,Q4 2025,2025,Engineering,🚨 Budget Exceeded,100,107.11,428.4337,400,28.43,Critical
ALT-0053,2025-10-07,2025-10,Q4 2025,2025,Engineering,🔴 Critical (90%),90,107.11,428.4337,400,28.43,Critical
ALT-0054,2025-11-04,2025-11,Q4 2025,2025,Engineering,🟠 Halfway (50%),50,68.58,274.3225,400,0.0,Info
ALT-0055,2025-11-05,2025-11,Q4 2025,2025,Engineering,🟡 Warning (70%),70,85.21,340.8555,400,0.0,Warning
ALT-0056,2025-11-06,2025-11,Q4 2025,2025,Engineering,🚨 Budget Exceeded,100,103.72,414.8843,400,14.88,Critical
ALT-0057,2025-11-06,2025-11,Q4 2025,2025,Engineering,🔴 Critical (90%),90,103.72,414.8843,400,14.88,Critical
ALT-0058,2025-12-02,2025-12,Q4 2025,2025,Engineering,🟠 Halfway (50%),50,51.17,204.6912,400,0.0,Info
ALT-0059,2025-12-04,2025-12,Q4 2025,2025,Engineering,🟡 Warning (70%),70,74.03,296.1123,400,0.0,Warning
ALT-0060,2025-12-05,2025-12,Q4 2025,2025,Engineering,🚨 Budget Exceeded,100,101.78,407.1058,400,7.11,Critical
ALT-0061,2025-12-05,2025-12,Q4 2025,2025,Engineering,🔴 Critical (90%),90,101.78,407.1058,400,7.11,Critical
ALT-0062,2024-10-23,2024-10,Q4 2024,2024,Finance,🟠 Halfway (50%),50,51.91,51.9115,100,0.0,Info
ALT-0063,2024-10-31,2024-10,Q4 2024,2024,Finance,🟡 Warning (70%),70,72.86,72.8595,100,0.0,Warning
ALT-0064,2024-11-15,2024-11,Q4 2024,2024,Finance,🟠 Halfway (50%),50,51.24,51.2352,100,0.0,Info
ALT-0065,2024-11-22,2024-11,Q4 2024,2024,Finance,🟡 Warning (70%),70,72.7,72.6982,100,0.0,Warning
ALT-0066,2024-11-28,2024-11,Q4 2024,2024,Finance,🔴 Critical (90%),90,91.47,91.466,100,0.0,Critical
ALT-0067,2024-12-13,2024-12,Q4 2024,2024,Finance,🟠 Halfway (50%),50,50.23,50.2288,100,0.0,Info
ALT-0068,2024-12-18,2024-12,Q4 2024,2024,Finance,🟡 Warning (70%),70,74.22,74.2182,100,0.0,Warning
ALT-0069,2024-12-20,2024-12,Q4 2024,2024,Finance,🔴 Critical (90%),90,95.49,95.4927,100,0.0,Critical
ALT-0070,2024-12-23,2024-12,Q4 2024,2024,Finance,🚨 Budget Exceeded,100,103.6,103.6028,100,3.6,Critical
ALT-0071,2025-01-07,2025-01,Q1 2025,2025,Finance,🟠 Halfway (50%),50,54.57,54.5706,100,0.0,Info
ALT-0072,2025-01-10,2025-01,Q1 2025,2025,Finance,🟡 Warning (70%),70,77.58,77.5849,100,0.0,Warning
ALT-0073,2025-01-14,2025-01,Q1 2025,2025,Finance,🔴 Critical (90%),90,94.61,94.6092,100,0.0,Critical
ALT-0074,2025-01-15,2025-01,Q1 2025,2025,Finance,🚨 Budget Exceeded,100,102.07,102.0657,100,2.07,Critical
ALT-0075,2025-02-06,2025-02,Q1 2025,2025,Finance,🟠 Halfway (50%),50,56.86,56.8601,100,0.0,Info
ALT-0076,2025-02-07,2025-02,Q1 2025,2025,Finance,🟡 Warning (70%),70,70.6,70.6041,100,0.0,Warning
ALT-0077,2025-02-11,2025-02,Q1 2025,2025,Finance,🔴 Critical (90%),90,95.69,95.6939,100,0.0,Critical
ALT-0078,2025-02-12,2025-02,Q1 2025,2025,Finance,🚨 Budget Exceeded,100,110.51,110.512,100,10.51,Critical
ALT-0079,2025-03-06,2025-03,Q1 2025,2025,Finance,🟠 Halfway (50%),50,60.71,60.7075,100,0.0,Info
ALT-0080,2025-03-07,2025-03,Q1 2025,2025,Finance,🟡 Warning (70%),70,78.68,78.681,100,0.0,Warning
ALT-0081,2025-03-10,2025-03,Q1 2025,2025,Finance,🚨 Budget Exceeded,100,100.43,100.431,100,0.43,Critical
ALT-0082,2025-03-10,2025-03,Q1 2025,2025,Finance,🔴 Critical (90%),90,100.43,100.431,100,0.43,Critical
ALT-0083,2025-04-04,2025-04,Q2 2025,2025,Finance,🟠 Halfway (50%),50,61.81,61.8149,100,0.0,Info
ALT-0084,2025-04-06,2025-04,Q2 2025,2025,Finance,🟡 Warning (70%),70,70.16,70.1632,100,0.0,Warning
ALT-0085,2025-04-09,2025-04,Q2 2025,2025,Finance,🔴 Critical (90%),90,93.44,93.4354,100,0.0,Critical
ALT-0086,2025-04-10,2025-04,Q2 2025,2025,Finance,🚨 Budget Exceeded,100,108.44,108.4365,100,8.44,Critical
ALT-0087,2025-05-05,2025-05,Q2 2025,2025,Finance,🟠 Halfway (50%),50,54.94,54.9413,100,0.0,Info
ALT-0088,2025-05-07,2025-05,Q2 2025,2025,Finance,🟡 Warning (70%),70,82.76,82.7553,100,0.0,Warning
ALT-0089,2025-05-08,2025-05,Q2 2025,2025,Finance,🔴 Critical (90%),90,99.83,99.8303,100,0.0,Critical
ALT-0090,2025-05-09,2025-05,Q2 2025,2025,Finance,🚨 Budget Exceeded,100,119.13,119.1294,100,19.13,Critical
ALT-0091,2025-06-04,2025-06,Q2 2025,2025,Finance,🟠 Halfway (50%),50,64.32,64.315,100,0.0,Info
ALT-0092,2025-06-05,2025-06,Q2 2025,2025,Finance,🟡 Warning (70%),70,85.53,85.5305,100,0.0,Warning
ALT-0093,2025-06-06,2025-06,Q2 2025,2025,Finance,🚨 Budget Exceeded,100,104.57,104.5658,100,4.57,Critical
ALT-0094,2025-06-06,2025-06,Q2 2025,2025,Finance,🔴 Critical (90%),90,104.57,104.5658,100,4.57,Critical
ALT-0095,2025-07-03,2025-07,Q3 2025,2025,Finance,🟡 Warning (70%),70,81.48,81.484,100,0.0,Warning
ALT-0096,2025-07-03,2025-07,Q3 2025,2025,Finance,🟠 Halfway (50%),50,81.48,81.484,100,0.0,Info
ALT-0097,2025-07-04,2025-07,Q3 2025,2025,Finance,🔴 Critical (90%),90,99.79,99.7877,100,0.0,Critical
ALT-0098,2025-07-07,2025-07,Q3 2025,2025,Finance,🚨 Budget Exceeded,100,124.97,124.9659,100,24.97,Critical
ALT-0099,2025-08-12,2025-08,Q3 2025,2025,Finance,🟠 Halfway (50%),50,60.78,60.7756,100,0.0,Info
ALT-0100,2025-08-18,2025-08,Q3 2025,2025,Finance,🟡 Warning (70%),70,83.02,83.0151,100,0.0,Warning
ALT-0101,2025-08-21,2025-08,Q3 2025,2025,Finance,🔴 Critical (90%),90,90.46,90.464,100,0.0,Critical
ALT-0102,2025-08-24,2025-08,Q3 2025,2025,Finance,🚨 Budget Exceeded,100,100.92,100.9248,100,0.92,Critical
ALT-0103,2025-09-13,2025-09,Q3 2025,2025,Finance,🟠 Halfway (50%),50,66.66,66.662,100,0.0,Info
ALT-0104,2025-09-16,2025-09,Q3 2025,2025,Finance,🟡 Warning (70%),70,73.79,73.786,100,0.0,Warning
ALT-0105,2025-09-22,2025-09,Q3 2025,2025,Finance,🚨 Budget Exceeded,100,100.46,100.4622,100,0.46,Critical
ALT-0106,2025-09-22,2025-09,Q3 2025,2025,Finance,🔴 Critical (90%),90,100.46,100.4622,100,0.46,Critical
ALT-0107,2025-10-03,2025-10,Q4 2025,2025,Finance,🟠 Halfway (50%),50,51.86,51.8591,100,0.0,Info
ALT-0108,2025-10-06,2025-10,Q4 2025,2025,Finance,🟡 Warning (70%),70,70.8,70.8018,100,0.0,Warning
ALT-0109,2025-10-08,2025-10,Q4 2025,2025,Finance,🔴 Critical (90%),90,95.59,95.5939,100,0.0,Critical
ALT-0110,2025-10-09,2025-10,Q4 2025,2025,Finance,🚨 Budget Exceeded,100,106.9,106.8983,100,6.9,Critical
ALT-0111,2025-11-05,2025-11,Q4 2025,2025,Finance,🟠 Halfway (50%),50,51.45,51.448,100,0.0,Info
ALT-0112,2025-11-10,2025-11,Q4 2025,2025,Finance,🟡 Warning (70%),70,85.5,85.4995,100,0.0,Warning
ALT-0113,2025-11-11,2025-11,Q4 2025,2025,Finance,🔴 Critical (90%),90,95.76,95.7553,100,0.0,Critical
ALT-0114,2025-11-12,2025-11,Q4 2025,2025,Finance,🚨 Budget Exceeded,100,114.2,114.204,100,14.2,Critical
ALT-0115,2025-12-05,2025-12,Q4 2025,2025,Finance,🟠 Halfway (50%),50,51.42,51.4221,100,0.0,Info
ALT-0116,2025-12-09,2025-12,Q4 2025,2025,Finance,🟡 Warning (70%),70,74.22,74.2241,100,0.0,Warning
ALT-0117,2025-12-11,2025-12,Q4 2025,2025,Finance,🔴 Critical (90%),90,95.31,95.3068,100,0.0,Critical
ALT-0118,2025-12-12,2025-12,Q4 2025,2025,Finance,🚨 Budget Exceeded,100,110.02,110.0202,100,10.02,Critical
ALT-0119,2025-01-24,2025-01,Q1 2025,2025,HR,🟠 Halfway (50%),50,52.08,26.0425,50,0.0,Info
ALT-0120,2025-02-13,2025-02,Q1 2025,2025,HR,🟠 Halfway (50%),50,50.72,25.3594,50,0.0,Info
ALT-0121,2025-02-21,2025-02,Q1 2025,2025,HR,🟡 Warning (70%),70,74.65,37.323,50,0.0,Warning
ALT-0122,2025-02-27,2025-02,Q1 2025,2025,HR,🔴 Critical (90%),90,90.72,45.3604,50,0.0,Critical
ALT-0123,2025-03-17,2025-03,Q1 2025,2025,HR,🟠 Halfway (50%),50,50.64,25.3198,50,0.0,Info
ALT-0124,2025-03-24,2025-03,Q1 2025,2025,HR,🟡 Warning (70%),70,71.18,35.5916,50,0.0,Warning
ALT-0125,2025-03-31,2025-03,Q1 2025,2025,HR,🔴 Critical (90%),90,90.29,45.1427,50,0.0,Critical
ALT-0126,2025-04-16,2025-04,Q2 2025,2025,HR,🟠 Halfway (50%),50,56.13,28.0661,50,0.0,Info
ALT-0127,2025-04-18,2025-04,Q2 2025,2025,HR,🟡 Warning (70%),70,70.62,35.3088,50,0.0,Warning
ALT-0128,2025-04-24,2025-04,Q2 2025,2025,HR,🔴 Critical (90%),90,93.01,46.5035,50,0.0,Critical
ALT-0129,2025-04-25,2025-04,Q2 2025,2025,HR,🚨 Budget Exceeded,100,100.83,50.4137,50,0.41,Critical
ALT-0130,2025-05-14,2025-05,Q2 2025,2025,HR,🟠 Halfway (50%),50,51.52,25.7586,50,0.0,Info
ALT-0131,2025-05-20,2025-05,Q2 2025,2025,HR,🟡 Warning (70%),70,70.66,35.3311,50,0.0,Warning
ALT-0132,2025-05-28,2025-05,Q2 2025,2025,HR,🔴 Critical (90%),90,92.62,46.3116,50,0.0,Critical
ALT-0133,2025-05-30,2025-05,Q2 2025,2025,HR,🚨 Budget Exceeded,100,106.1,53.0513,50,3.05,Critical
ALT-0134,2025-06-12,2025-06,Q2 2025,2025,HR,🟠 Halfway (50%),50,58.11,29.0537,50,0.0,Info
ALT-0135,2025-06-18,2025-06,Q2 2025,2025,HR,🟡 Warning (70%),70,72.51,36.2526,50,0.0,Warning
ALT-0136,2025-06-25,2025-06,Q2 2025,2025,HR,🔴 Critical (90%),90,93.49,46.7473,50,0.0,Critical
ALT-0137,2025-06-27,2025-06,Q2 2025,2025,HR,🚨 Budget Exceeded,100,104.43,52.2145,50,2.21,Critical
ALT-0138,2025-07-15,2025-07,Q3 2025,2025,HR,🟠 Halfway (50%),50,53.47,26.7371,50,0.0,Info
ALT-0139,2025-07-22,2025-07,Q3 2025,2025,HR,🟡 Warning (70%),70,72.69,36.3467,50,0.0,Warning
ALT-0140,2025-07-29,2025-07,Q3 2025,2025,HR,🔴 Critical (90%),90,98.14,49.0715,50,0.0,Critical
ALT-0141,2025-07-30,2025-07,Q3 2025,2025,HR,🚨 Budget Exceeded,100,101.05,50.5245,50,0.52,Critical
ALT-0142,2025-08-25,2025-08,Q3 2025,2025,HR,🟠 Halfway (50%),50,52.22,26.1121,50,0.0,Info
ALT-0143,2025-08-28,2025-08,Q3 2025,2025,HR,🟡 Warning (70%),70,72.12,36.062,50,0.0,Warning
ALT-0144,2025-09-15,2025-09,Q3 2025,2025,HR,🟠 Halfway (50%),50,52.61,26.3061,50,0.0,Info
ALT-0145,2025-09-19,2025-09,Q3 2025,2025,HR,🟡 Warning (70%),70,71.58,35.7904,50,0.0,Warning
ALT-0146,2025-10-18,2025-10,Q4 2025,2025,HR,🟠 Halfway (50%),50,50.08,25.0424,50,0.0,Info
ALT-0147,2025-10-30,2025-10,Q4 2025,2025,HR,🟡 Warning (70%),70,72.09,36.0452,50,0.0,Warning
ALT-0148,2025-11-19,2025-11,Q4 2025,2025,HR,🟠 Halfway (50%),50,50.25,25.1251,50,0.0,Info
ALT-0149,2025-11-26,2025-11,Q4 2025,2025,HR,🟡 Warning (70%),70,70.0,35.0014,50,0.0,Warning
ALT-0150,2025-12-19,2025-12,Q4 2025,2025,HR,🟠 Halfway (50%),50,51.9,25.9512,50,0.0,Info
ALT-0151,2025-12-25,2025-12,Q4 2025,2025,HR,🟡 Warning (70%),70,71.96,35.9822,50,0.0,Warning
ALT-0152,2025-12-31,2025-12,Q4 2025,2025,HR,🔴 Critical (90%),90,93.42,46.7085,50,0.0,Critical
ALT-0153,2024-10-28,2024-10,Q4 2024,2024,Legal,🟠 Halfway (50%),50,50.4,25.2024,50,0.0,Info
ALT-0154,2024-11-19,2024-11,Q4 2024,2024,Legal,🟠 Halfway (50%),50,51.97,25.9851,50,0.0,Info
ALT-0155,2024-11-27,2024-11,Q4 2024,2024,Legal,🟡 Warning (70%),70,71.86,35.9321,50,0.0,Warning
ALT-0156,2024-12-12,2024-12,Q4 2024,2024,Legal,🟠 Halfway (50%),50,54.32,27.1622,50,0.0,Info
ALT-0157,2024-12-18,2024-12,Q4 2024,2024,Legal,🟡 Warning (70%),70,75.02,37.5102,50,0.0,Warning
ALT-0158,2024-12-23,2024-12,Q4 2024,2024,Legal,🔴 Critical (90%),90,90.07,45.0331,50,0.0,Critical
ALT-0159,2024-12-25,2024-12,Q4 2024,2024,Legal,🚨 Budget Exceeded,100,101.79,50.8955,50,0.9,Critical
ALT-0160,2025-01-09,2025-01,Q1 2025,2025,Legal,🟠 Halfway (50%),50,56.23,28.1145,50,0.0,Info
ALT-0161,2025-01-10,2025-01,Q1 2025,2025,Legal,🟡 Warning (70%),70,73.04,36.5184,50,0.0,Warning
ALT-0162,2025-01-15,2025-01,Q1 2025,2025,Legal,🚨 Budget Exceeded,100,102.47,51.2331,50,1.23,Critical
ALT-0163,2025-01-15,2025-01,Q1 2025,2025,Legal,🔴 Critical (90%),90,102.47,51.2331,50,1.23,Critical
ALT-0164,2025-02-08,2025-02,Q1 2025,2025,Legal,🟠 Halfway (50%),50,51.97,25.9857,50,0.0,Info
ALT-0165,2025-02-11,2025-02,Q1 2025,2025,Legal,🟡 Warning (70%),70,72.46,36.2293,50,0.0,Warning
ALT-0166,2025-02-13,2025-02,Q1 2025,2025,Legal,🔴 Critical (90%),90,97.46,48.7308,50,0.0,Critical
ALT-0167,2025-02-14,2025-02,Q1 2025,2025,Legal,🚨 Budget Exceeded,100,103.29,51.6469,50,1.65,Critical
ALT-0168,2025-03-05,2025-03,Q1 2025,2025,Legal,🟠 Halfway (50%),50,54.67,27.3363,50,0.0,Info
ALT-0169,2025-03-07,2025-03,Q1 2025,2025,Legal,🟡 Warning (70%),70,72.69,36.3433,50,0.0,Warning
ALT-0170,2025-03-10,2025-03,Q1 2025,2025,Legal,🔴 Critical (90%),90,94.1,47.0512,50,0.0,Critical
ALT-0171,2025-03-11,2025-03,Q1 2025,2025,Legal,🚨 Budget Exceeded,100,105.85,52.9237,50,2.92,Critical
ALT-0172,2025-04-04,2025-04,Q2 2025,2025,Legal,🟠 Halfway (50%),50,53.94,26.9704,50,0.0,Info
ALT-0173,2025-04-08,2025-04,Q2 2025,2025,Legal,🟡 Warning (70%),70,77.12,38.5593,50,0.0,Warning
ALT-0174,2025-04-09,2025-04,Q2 2025,2025,Legal,🔴 Critical (90%),90,94.48,47.2398,50,0.0,Critical
ALT-0175,2025-04-10,2025-04,Q2 2025,2025,Legal,🚨 Budget Exceeded,100,109.61,54.8034,50,4.8,Critical
ALT-0176,2025-05-07,2025-05,Q2 2025,2025,Legal,🟠 Halfway (50%),50,63.06,31.5276,50,0.0,Info
ALT-0177,2025-05-09,2025-05,Q2 2025,2025,Legal,🟡 Warning (70%),70,79.73,39.8641,50,0.0,Warning
ALT-0178,2025-05-13,2025-05,Q2 2025,2025,Legal,🔴 Critical (90%),90,99.33,49.6663,50,0.0,Critical
ALT-0179,2025-05-14,2025-05,Q2 2025,2025,Legal,🚨 Budget Exceeded,100,128.37,64.1869,50,14.19,Critical
ALT-0180,2025-06-05,2025-06,Q2 2025,2025,Legal,🟠 Halfway (50%),50,58.3,29.148,50,0.0,Info
ALT-0181,2025-06-06,2025-06,Q2 2025,2025,Legal,🟡 Warning (70%),70,84.02,42.0109,50,0.0,Warning
ALT-0182,2025-06-09,2025-06,Q2 2025,2025,Legal,🚨 Budget Exceeded,100,108.98,54.4918,50,4.49,Critical
ALT-0183,2025-06-09,2025-06,Q2 2025,2025,Legal,🔴 Critical (90%),90,108.98,54.4918,50,4.49,Critical
ALT-0184,2025-07-03,2025-07,Q3 2025,2025,Legal,🟠 Halfway (50%),50,50.35,25.1774,50,0.0,Info
ALT-0185,2025-07-07,2025-07,Q3 2025,2025,Legal,🟡 Warning (70%),70,79.38,39.688,50,0.0,Warning
ALT-0186,2025-07-08,2025-07,Q3 2025,2025,Legal,🔴 Critical (90%),90,97.99,48.9972,50,0.0,Critical
ALT-0187,2025-07-09,2025-07,Q3 2025,2025,Legal,🚨 Budget Exceeded,100,121.19,60.5954,50,10.6,Critical
ALT-0188,2025-08-13,2025-08,Q3 2025,2025,Legal,🟠 Halfway (50%),50,56.2,28.1018,50,0.0,Info
ALT-0189,2025-08-20,2025-08,Q3 2025,2025,Legal,🟡 Warning (70%),70,76.37,38.1863,50,0.0,Warning
ALT-0190,2025-08-26,2025-08,Q3 2025,2025,Legal,🚨 Budget Exceeded,100,107.08,53.5416,50,3.54,Critical
ALT-0191,2025-08-26,2025-08,Q3 2025,2025,Legal,🔴 Critical (90%),90,107.08,53.5416,50,3.54,Critical
ALT-0192,2025-09-15,2025-09,Q3 2025,2025,Legal,🟠 Halfway (50%),50,68.99,34.4969,50,0.0,Info
ALT-0193,2025-09-16,2025-09,Q3 2025,2025,Legal,🟡 Warning (70%),70,76.67,38.3362,50,0.0,Warning
ALT-0194,2025-09-18,2025-09,Q3 2025,2025,Legal,🔴 Critical (90%),90,93.99,46.996,50,0.0,Critical
ALT-0195,2025-09-22,2025-09,Q3 2025,2025,Legal,🚨 Budget Exceeded,100,143.48,71.7382,50,21.74,Critical
ALT-0196,2025-10-07,2025-10,Q4 2025,2025,Legal,🟠 Halfway (50%),50,61.09,30.5471,50,0.0,Info
ALT-0197,2025-10-08,2025-10,Q4 2025,2025,Legal,🟡 Warning (70%),70,71.46,35.7286,50,0.0,Warning
ALT-0198,2025-10-13,2025-10,Q4 2025,2025,Legal,🔴 Critical (90%),90,94.92,47.4624,50,0.0,Critical
ALT-0199,2025-10-14,2025-10,Q4 2025,2025,Legal,🚨 Budget Exceeded,100,104.54,52.2722,50,2.27,Critical
ALT-0200,2025-11-06,2025-11,Q4 2025,2025,Legal,🟠 Halfway (50%),50,54.05,27.0258,50,0.0,Info
ALT-0201,2025-11-10,2025-11,Q4 2025,2025,Legal,🟡 Warning (70%),70,71.6,35.8012,50,0.0,Warning
ALT-0202,2025-11-12,2025-11,Q4 2025,2025,Legal,🔴 Critical (90%),90,92.88,46.4385,50,0.0,Critical
ALT-0203,2025-11-13,2025-11,Q4 2025,2025,Legal,🚨 Budget Exceeded,100,104.42,52.2088,50,2.21,Critical
ALT-0204,2025-12-05,2025-12,Q4 2025,2025,Legal,🟠 Halfway (50%),50,52.05,26.0227,50,0.0,Info
ALT-0205,2025-12-11,2025-12,Q4 2025,2025,Legal,🔴 Critical (90%),90,90.57,45.2854,50,0.0,Critical
ALT-0206,2025-12-11,2025-12,Q4 2025,2025,Legal,🟡 Warning (70%),70,90.57,45.2854,50,0.0,Warning
ALT-0207,2025-12-12,2025-12,Q4 2025,2025,Legal,🚨 Budget Exceeded,100,104.6,52.3002,50,2.3,Critical
ALT-0208,2024-12-30,2024-12,Q4 2024,2024,Marketing,🟠 Halfway (50%),50,50.68,40.5462,80,0.0,Info
ALT-0209,2025-01-15,2025-01,Q1 2025,2025,Marketing,🟠 Halfway (50%),50,52.69,42.1526,80,0.0,Info
ALT-0210,2025-01-24,2025-01,Q1 2025,2025,Marketing,🟡 Warning (70%),70,73.73,58.9828,80,0.0,Warning
ALT-0211,2025-01-30,2025-01,Q1 2025,2025,Marketing,🔴 Critical (90%),90,92.53,74.0225,80,0.0,Critical
ALT-0212,2025-02-18,2025-02,Q1 2025,2025,Marketing,🟠 Halfway (50%),50,53.13,42.5042,80,0.0,Info
ALT-0213,2025-02-24,2025-02,Q1 2025,2025,Marketing,🟡 Warning (70%),70,70.34,56.269,80,0.0,Warning
ALT-0214,2025-03-14,2025-03,Q1 2025,2025,Marketing,🟠 Halfway (50%),50,53.64,42.9104,80,0.0,Info
ALT-0215,2025-03-20,2025-03,Q1 2025,2025,Marketing,🟡 Warning (70%),70,71.45,57.161,80,0.0,Warning
ALT-0216,2025-03-27,2025-03,Q1 2025,2025,Marketing,🔴 Critical (90%),90,94.08,75.2646,80,0.0,Critical
ALT-0217,2025-03-31,2025-03,Q1 2025,2025,Marketing,🚨 Budget Exceeded,100,106.87,85.4935,80,5.49,Critical
ALT-0218,2025-04-15,2025-04,Q2 2025,2025,Marketing,🟠 Halfway (50%),50,50.55,40.4427,80,0.0,Info
ALT-0219,2025-04-21,2025-04,Q2 2025,2025,Marketing,🟡 Warning (70%),70,75.92,60.7383,80,0.0,Warning
ALT-0220,2025-04-24,2025-04,Q2 2025,2025,Marketing,🔴 Critical (90%),90,90.92,72.7378,80,0.0,Critical
ALT-0221,2025-04-28,2025-04,Q2 2025,2025,Marketing,🚨 Budget Exceeded,100,101.66,81.3254,80,1.33,Critical
ALT-0222,2025-05-12,2025-05,Q2 2025,2025,Marketing,🟠 Halfway (50%),50,50.02,40.0179,80,0.0,Info
ALT-0223,2025-05-19,2025-05,Q2 2025,2025,Marketing,🟡 Warning (70%),70,75.13,60.1028,80,0.0,Warning
ALT-0224,2025-05-24,2025-05,Q2 2025,2025,Marketing,🔴 Critical (90%),90,90.05,72.0372,80,0.0,Critical
ALT-0225,2025-05-27,2025-05,Q2 2025,2025,Marketing,🚨 Budget Exceeded,100,101.39,81.1125,80,1.11,Critical
ALT-0226,2025-06-12,2025-06,Q2 2025,2025,Marketing,🟠 Halfway (50%),50,53.45,42.7584,80,0.0,Info
ALT-0227,2025-06-18,2025-06,Q2 2025,2025,Marketing,🟡 Warning (70%),70,72.18,57.747,80,0.0,Warning
ALT-0228,2025-06-25,2025-06,Q2 2025,2025,Marketing,🔴 Critical (90%),90,93.79,75.0287,80,0.0,Critical
ALT-0229,2025-06-27,2025-06,Q2 2025,2025,Marketing,🚨 Budget Exceeded,100,103.78,83.0273,80,3.03,Critical
ALT-0230,2025-07-11,2025-07,Q3 2025,2025,Marketing,🟠 Halfway (50%),50,52.09,41.6748,80,0.0,Info
ALT-0231,2025-07-18,2025-07,Q3 2025,2025,Marketing,🟡 Warning (70%),70,71.43,57.1439,80,0.0,Warning
ALT-0232,2025-07-24,2025-07,Q3 2025,2025,Marketing,🔴 Critical (90%),90,90.16,72.1296,80,0.0,Critical
ALT-0233,2025-07-29,2025-07,Q3 2025,2025,Marketing,🚨 Budget Exceeded,100,105.1,84.0785,80,4.08,Critical
ALT-0234,2025-08-22,2025-08,Q3 2025,2025,Marketing,🟠 Halfway (50%),50,53.48,42.7847,80,0.0,Info
ALT-0235,2025-09-17,2025-09,Q3 2025,2025,Marketing,🟠 Halfway (50%),50,51.79,41.4359,80,0.0,Info
ALT-0236,2025-10-17,2025-10,Q4 2025,2025,Marketing,🟠 Halfway (50%),50,51.24,40.99,80,0.0,Info
ALT-0237,2025-10-27,2025-10,Q4 2025,2025,Marketing,🟡 Warning (70%),70,74.97,59.9797,80,0.0,Warning
ALT-0238,2025-11-19,2025-11,Q4 2025,2025,Marketing,🟠 Halfway (50%),50,52.37,41.899,80,0.0,Info
ALT-0239,2025-12-16,2025-12,Q4 2025,2025,Marketing,🟠 Halfway (50%),50,52.12,41.698,80,0.0,Info
ALT-0240,2025-12-25,2025-12,Q4 2025,2025,Marketing,🟡 Warning (70%),70,71.29,57.0334,80,0.0,Warning
ALT-0241,2024-12-20,2024-12,Q4 2024,2024,Operations,🟠 Halfway (50%),50,50.26,35.1803,70,0.0,Info
ALT-0242,2024-12-27,2024-12,Q4 2024,2024,Operations,🟡 Warning (70%),70,70.84,49.5874,70,0.0,Warning
ALT-0243,2025-01-10,2025-01,Q1 2025,2025,Operations,🟠 Halfway (50%),50,55.88,39.1153,70,0.0,Info
ALT-0244,2025-01-16,2025-01,Q1 2025,2025,Operations,🟡 Warning (70%),70,73.53,51.4726,70,0.0,Warning
ALT-0245,2025-01-20,2025-01,Q1 2025,2025,Operations,🔴 Critical (90%),90,94.15,65.9038,70,0.0,Critical
ALT-0246,2025-01-22,2025-01,Q1 2025,2025,Operations,🚨 Budget Exceeded,100,102.01,71.4068,70,1.41,Critical
ALT-0247,2025-02-13,2025-02,Q1 2025,2025,Operations,🟠 Halfway (50%),50,54.89,38.4252,70,0.0,Info
ALT-0248,2025-02-19,2025-02,Q1 2025,2025,Operations,🟡 Warning (70%),70,72.37,50.6585,70,0.0,Warning
ALT-0249,2025-02-24,2025-02,Q1 2025,2025,Operations,🔴 Critical (90%),90,94.64,66.2491,70,0.0,Critical
ALT-0250,2025-02-26,2025-02,Q1 2025,2025,Operations,🚨 Budget Exceeded,100,114.81,80.3703,70,10.37,Critical
ALT-0251,2025-03-12,2025-03,Q1 2025,2025,Operations,🟠 Halfway (50%),50,54.83,38.3825,70,0.0,Info
ALT-0252,2025-03-16,2025-03,Q1 2025,2025,Operations,🟡 Warning (70%),70,70.83,49.5781,70,0.0,Warning
ALT-0253,2025-03-19,2025-03,Q1 2025,2025,Operations,🔴 Critical (90%),90,92.08,64.4591,70,0.0,Critical
ALT-0254,2025-03-20,2025-03,Q1 2025,2025,Operations,🚨 Budget Exceeded,100,102.3,71.6084,70,1.61,Critical
ALT-0255,2025-04-11,2025-04,Q2 2025,2025,Operations,🟠 Halfway (50%),50,52.52,36.761,70,0.0,Info
ALT-0256,2025-04-16,2025-04,Q2 2025,2025,Operations,🟡 Warning (70%),70,76.69,53.6861,70,0.0,Warning
ALT-0257,2025-04-21,2025-04,Q2 2025,2025,Operations,🚨 Budget Exceeded,100,100.76,70.5314,70,0.53,Critical
ALT-0258,2025-04-21,2025-04,Q2 2025,2025,Operations,🔴 Critical (90%),90,100.76,70.5314,70,0.53,Critical
ALT-0259,2025-05-09,2025-05,Q2 2025,2025,Operations,🟠 Halfway (50%),50,50.57,35.3988,70,0.0,Info
ALT-0260,2025-05-14,2025-05,Q2 2025,2025,Operations,🟡 Warning (70%),70,75.05,52.5341,70,0.0,Warning
ALT-0261,2025-05-19,2025-05,Q2 2025,2025,Operations,🔴 Critical (90%),90,92.72,64.9062,70,0.0,Critical
ALT-0262,2025-05-21,2025-05,Q2 2025,2025,Operations,🚨 Budget Exceeded,100,105.87,74.1082,70,4.11,Critical
ALT-0263,2025-06-09,2025-06,Q2 2025,2025,Operations,🟠 Halfway (50%),50,56.54,39.5762,70,0.0,Info
ALT-0264,2025-06-11,2025-06,Q2 2025,2025,Operations,🟡 Warning (70%),70,71.65,50.1564,70,0.0,Warning
ALT-0265,2025-06-16,2025-06,Q2 2025,2025,Operations,🚨 Budget Exceeded,100,101.9,71.3276,70,1.33,Critical
ALT-0266,2025-06-16,2025-06,Q2 2025,2025,Operations,🔴 Critical (90%),90,101.9,71.3276,70,1.33,Critical
ALT-0267,2025-07-10,2025-07,Q3 2025,2025,Operations,🟠 Halfway (50%),50,52.42,36.6971,70,0.0,Info
ALT-0268,2025-07-15,2025-07,Q3 2025,2025,Operations,🟡 Warning (70%),70,76.43,53.5003,70,0.0,Warning
ALT-0269,2025-07-18,2025-07,Q3 2025,2025,Operations,🔴 Critical (90%),90,92.0,64.3999,70,0.0,Critical
ALT-0270,2025-07-22,2025-07,Q3 2025,2025,Operations,🚨 Budget Exceeded,100,103.42,72.3966,70,2.4,Critical
ALT-0271,2025-08-06,2025-08,Q3 2025,2025,Operations,🟠 Halfway (50%),50,51.4,35.9812,70,0.0,Info
ALT-0272,2025-08-08,2025-08,Q3 2025,2025,Operations,🟡 Warning (70%),70,77.72,54.402,70,0.0,Warning
ALT-0273,2025-08-11,2025-08,Q3 2025,2025,Operations,🔴 Critical (90%),90,95.24,66.6647,70,0.0,Critical
ALT-0274,2025-08-12,2025-08,Q3 2025,2025,Operations,🚨 Budget Exceeded,100,101.84,71.2902,70,1.29,Critical
ALT-0275,2025-09-22,2025-09,Q3 2025,2025,Operations,🟠 Halfway (50%),50,52.82,36.9711,70,0.0,Info
ALT-0276,2025-09-25,2025-09,Q3 2025,2025,Operations,🟡 Warning (70%),70,70.0,49.0009,70,0.0,Warning
ALT-0277,2025-10-10,2025-10,Q4 2025,2025,Operations,🟠 Halfway (50%),50,52.24,36.566,70,0.0,Info
ALT-0278,2025-10-16,2025-10,Q4 2025,2025,Operations,🟡 Warning (70%),70,70.82,49.5758,70,0.0,Warning
ALT-0279,2025-10-21,2025-10,Q4 2025,2025,Operations,🔴 Critical (90%),90,90.05,63.0323,70,0.0,Critical
ALT-0280,2025-10-24,2025-10,Q4 2025,2025,Operations,🚨 Budget Exceeded,100,104.5,73.1505,70,3.15,Critical
ALT-0281,2025-11-11,2025-11,Q4 2025,2025,Operations,🟠 Halfway (50%),50,61.97,43.3811,70,0.0,Info
ALT-0282,2025-11-12,2025-11,Q4 2025,2025,Operations,🟡 Warning (70%),70,70.78,49.5437,70,0.0,Warning
ALT-0283,2025-11-14,2025-11,Q4 2025,2025,Operations,🔴 Critical (90%),90,91.65,64.1522,70,0.0,Critical
ALT-0284,2025-11-18,2025-11,Q4 2025,2025,Operations,🚨 Budget Exceeded,100,104.42,73.0909,70,3.09,Critical
ALT-0285,2025-12-12,2025-12,Q4 2025,2025,Operations,🟠 Halfway (50%),50,53.87,37.7109,70,0.0,Info
ALT-0286,2025-12-17,2025-12,Q4 2025,2025,Operations,🟡 Warning (70%),70,73.95,51.7642,70,0.0,Warning
ALT-0287,2025-12-22,2025-12,Q4 2025,2025,Operations,🔴 Critical (90%),90,94.01,65.8064,70,0.0,Critical
ALT-0288,2025-12-24,2025-12,Q4 2025,2025,Operations,🚨 Budget Exceeded,100,100.0,70.0006,70,0.0,Critical
ALT-0289,2024-12-25,2024-12,Q4 2024,2024,Sales,🟠 Halfway (50%),50,52.02,46.8154,90,0.0,Info
ALT-0290,2025-01-11,2025-01,Q1 2025,2025,Sales,🟠 Halfway (50%),50,50.91,45.822,90,0.0,Info
ALT-0291,2025-01-16,2025-01,Q1 2025,2025,Sales,🟡 Warning (70%),70,75.87,68.2857,90,0.0,Warning
ALT-0292,2025-01-21,2025-01,Q1 2025,2025,Sales,🔴 Critical (90%),90,90.46,81.4106,90,0.0,Critical
ALT-0293,2025-01-24,2025-01,Q1 2025,2025,Sales,🚨 Budget Exceeded,100,103.51,93.1575,90,3.16,Critical
ALT-0294,2025-02-13,2025-02,Q1 2025,2025,Sales,🟠 Halfway (50%),50,51.25,46.1238,90,0.0,Info
ALT-0295,2025-02-18,2025-02,Q1 2025,2025,Sales,🟡 Warning (70%),70,70.75,63.6758,90,0.0,Warning
ALT-0296,2025-02-24,2025-02,Q1 2025,2025,Sales,🔴 Critical (90%),90,94.65,85.1866,90,0.0,Critical
ALT-0297,2025-02-25,2025-02,Q1 2025,2025,Sales,🚨 Budget Exceeded,100,102.78,92.5009,90,2.5,Critical
ALT-0298,2025-03-11,2025-03,Q1 2025,2025,Sales,🟠 Halfway (50%),50,51.85,46.6657,90,0.0,Info
ALT-0299,2025-03-14,2025-03,Q1 2025,2025,Sales,🟡 Warning (70%),70,73.51,66.1557,90,0.0,Warning
ALT-0300,2025-03-19,2025-03,Q1 2025,2025,Sales,🔴 Critical (90%),90,94.16,84.7475,90,0.0,Critical
ALT-0301,2025-03-21,2025-03,Q1 2025,2025,Sales,🚨 Budget Exceeded,100,102.41,92.1687,90,2.17,Critical
ALT-0302,2025-04-10,2025-04,Q2 2025,2025,Sales,🟠 Halfway (50%),50,59.99,53.993,90,0.0,Info
ALT-0303,2025-04-15,2025-04,Q2 2025,2025,Sales,🟡 Warning (70%),70,72.45,65.2008,90,0.0,Warning
ALT-0304,2025-04-18,2025-04,Q2 2025,2025,Sales,🔴 Critical (90%),90,90.62,81.5623,90,0.0,Critical
ALT-0305,2025-04-22,2025-04,Q2 2025,2025,Sales,🚨 Budget Exceeded,100,105.39,94.8533,90,4.85,Critical
ALT-0306,2025-05-08,2025-05,Q2 2025,2025,Sales,🟠 Halfway (50%),50,50.38,45.3429,90,0.0,Info
ALT-0307,2025-05-14,2025-05,Q2 2025,2025,Sales,🟡 Warning (70%),70,75.68,68.116,90,0.0,Warning
ALT-0308,2025-05-19,2025-05,Q2 2025,2025,Sales,🔴 Critical (90%),90,91.64,82.4745,90,0.0,Critical
ALT-0309,2025-05-20,2025-05,Q2 2025,2025,Sales,🚨 Budget Exceeded,100,103.61,93.2526,90,3.25,Critical
ALT-0310,2025-06-10,2025-06,Q2 2025,2025,Sales,🟠 Halfway (50%),50,53.22,47.8987,90,0.0,Info
ALT-0311,2025-06-12,2025-06,Q2 2025,2025,Sales,🟡 Warning (70%),70,70.17,63.1535,90,0.0,Warning
ALT-0312,2025-06-17,2025-06,Q2 2025,2025,Sales,🔴 Critical (90%),90,94.47,85.0221,90,0.0,Critical
ALT-0313,2025-06-18,2025-06,Q2 2025,2025,Sales,🚨 Budget Exceeded,100,100.72,90.6473,90,0.65,Critical
ALT-0314,2025-07-09,2025-07,Q3 2025,2025,Sales,🟠 Halfway (50%),50,50.65,45.5843,90,0.0,Info
ALT-0315,2025-07-15,2025-07,Q3 2025,2025,Sales,🟡 Warning (70%),70,74.18,66.7637,90,0.0,Warning
ALT-0316,2025-07-18,2025-07,Q3 2025,2025,Sales,🔴 Critical (90%),90,93.92,84.5298,90,0.0,Critical
ALT-0317,2025-07-21,2025-07,Q3 2025,2025,Sales,🚨 Budget Exceeded,100,101.9,91.7066,90,1.71,Critical
ALT-0318,2025-08-15,2025-08,Q3 2025,2025,Sales,🟠 Halfway (50%),50,55.79,50.2068,90,0.0,Info
ALT-0319,2025-08-21,2025-08,Q3 2025,2025,Sales,🟡 Warning (70%),70,71.41,64.2712,90,0.0,Warning
ALT-0320,2025-09-25,2025-09,Q3 2025,2025,Sales,🟠 Halfway (50%),50,69.82,62.8367,90,0.0,Info
ALT-0321,2025-09-26,2025-09,Q3 2025,2025,Sales,🟡 Warning (70%),70,73.26,65.9367,90,0.0,Warning
ALT-0322,2025-10-13,2025-10,Q4 2025,2025,Sales,🟠 Halfway (50%),50,58.83,52.9499,90,0.0,Info
ALT-0323,2025-10-16,2025-10,Q4 2025,2025,Sales,🟡 Warning (70%),70,74.64,67.1759,90,0.0,Warning
ALT-0324,2025-10-22,2025-10,Q4 2025,2025,Sales,🔴 Critical (90%),90,94.27,84.8469,90,0.0,Critical
ALT-0325,2025-10-23,2025-10,Q4 2025,2025,Sales,🚨 Budget Exceeded,100,100.35,90.3176,90,0.32,Critical
ALT-0326,2025-11-14,2025-11,Q4 2025,2025,Sales,🟠 Halfway (50%),50,53.64,48.2735,90,0.0,Info
ALT-0327,2025-11-19,2025-11,Q4 2025,2025,Sales,🟡 Warning (70%),70,73.08,65.7715,90,0.0,Warning
ALT-0328,2025-11-25,2025-11,Q4 2025,2025,Sales,🔴 Critical (90%),90,96.04,86.4384,90,0.0,Critical
ALT-0329,2025-11-26,2025-11,Q4 2025,2025,Sales,🚨 Budget Exceeded,100,102.03,91.8312,90,1.83,Critical
ALT-0330,2025-12-11,2025-12,Q4 2025,2025,Sales,🟠 Halfway (50%),50,50.24,45.219,90,0.0,Info
ALT-0331,2025-12-19,2025-12,Q4 2025,2025,Sales,🟡 Warning (70%),70,70.79,63.7137,90,0.0,Warning
ALT-0332,2025-12-25,2025-12,Q4 2025,2025,Sales,🔴 Critical (90%),90,94.56,85.1071,90,0.0,Critical
ALT-0333,2025-12-26,2025-12,Q4 2025,2025,Sales,🚨 Budget Exceeded,100,100.24,90.2149,90,0.21,Critical
ALT-0334,2024-11-28,2024-11,Q4 2024,2024,Support,🟠 Halfway (50%),50,51.41,30.8443,60,0.0,Info
ALT-0335,2024-12-24,2024-12,Q4 2024,2024,Support,🟠 Halfway (50%),50,54.64,32.7848,60,0.0,Info
ALT-0336,2024-12-29,2024-12,Q4 2024,2024,Support,🟡 Warning (70%),70,71.11,42.6641,60,0.0,Warning
ALT-0337,2025-01-10,2025-01,Q1 2025,2025,Support,🟠 Halfway (50%),50,52.96,31.7779,60,0.0,Info
ALT-0338,2025-01-16,2025-01,Q1 2025,2025,Support,🟡 Warning (70%),70,72.3,43.3796,60,0.0,Warning
ALT-0339,2025-01-23,2025-01,Q1 2025,2025,Support,🔴 Critical (90%),90,91.08,54.6472,60,0.0,Critical
ALT-0340,2025-01-27,2025-01,Q1 2025,2025,Support,🚨 Budget Exceeded,100,107.88,64.7301,60,4.73,Critical
ALT-0341,2025-02-13,2025-02,Q1 2025,2025,Support,🟠 Halfway (50%),50,52.87,31.7216,60,0.0,Info
ALT-0342,2025-02-18,2025-02,Q1 2025,2025,Support,🟡 Warning (70%),70,71.72,43.033,60,0.0,Warning
ALT-0343,2025-02-20,2025-02,Q1 2025,2025,Support,🔴 Critical (90%),90,90.26,54.1563,60,0.0,Critical
ALT-0344,2025-02-21,2025-02,Q1 2025,2025,Support,🚨 Budget Exceeded,100,100.93,60.5576,60,0.56,Critical
ALT-0345,2025-03-12,2025-03,Q1 2025,2025,Support,🟠 Halfway (50%),50,52.79,31.6718,60,0.0,Info
ALT-0346,2025-03-17,2025-03,Q1 2025,2025,Support,🟡 Warning (70%),70,71.09,42.6548,60,0.0,Warning
ALT-0347,2025-03-20,2025-03,Q1 2025,2025,Support,🔴 Critical (90%),90,92.25,55.3508,60,0.0,Critical
ALT-0348,2025-03-21,2025-03,Q1 2025,2025,Support,🚨 Budget Exceeded,100,101.17,60.7035,60,0.7,Critical
ALT-0349,2025-04-09,2025-04,Q2 2025,2025,Support,🟠 Halfway (50%),50,50.7,30.4188,60,0.0,Info
ALT-0350,2025-04-14,2025-04,Q2 2025,2025,Support,🟡 Warning (70%),70,74.56,44.7376,60,0.0,Warning
ALT-0351,2025-04-16,2025-04,Q2 2025,2025,Support,🔴 Critical (90%),90,97.59,58.5543,60,0.0,Critical
ALT-0352,2025-04-17,2025-04,Q2 2025,2025,Support,🚨 Budget Exceeded,100,110.64,66.3834,60,6.38,Critical
ALT-0353,2025-05-09,2025-05,Q2 2025,2025,Support,🟠 Halfway (50%),50,55.02,33.0127,60,0.0,Info
ALT-0354,2025-05-14,2025-05,Q2 2025,2025,Support,🟡 Warning (70%),70,79.71,47.8244,60,0.0,Warning
ALT-0355,2025-05-16,2025-05,Q2 2025,2025,Support,🔴 Critical (90%),90,94.15,56.4892,60,0.0,Critical
ALT-0356,2025-05-19,2025-05,Q2 2025,2025,Support,🚨 Budget Exceeded,100,105.22,63.1324,60,3.13,Critical
ALT-0357,2025-06-06,2025-06,Q2 2025,2025,Support,🟠 Halfway (50%),50,51.48,30.8882,60,0.0,Info
ALT-0358,2025-06-10,2025-06,Q2 2025,2025,Support,🟡 Warning (70%),70,75.01,45.0062,60,0.0,Warning
ALT-0359,2025-06-12,2025-06,Q2 2025,2025,Support,🔴 Critical (90%),90,91.19,54.7151,60,0.0,Critical
ALT-0360,2025-06-16,2025-06,Q2 2025,2025,Support,🚨 Budget Exceeded,100,103.4,62.0419,60,2.04,Critical
ALT-0361,2025-07-10,2025-07,Q3 2025,2025,Support,🟠 Halfway (50%),50,53.17,31.8994,60,0.0,Info
ALT-0362,2025-07-14,2025-07,Q3 2025,2025,Support,🟡 Warning (70%),70,70.44,42.2639,60,0.0,Warning
ALT-0363,2025-07-16,2025-07,Q3 2025,2025,Support,🔴 Critical (90%),90,90.78,54.4692,60,0.0,Critical
ALT-0364,2025-07-18,2025-07,Q3 2025,2025,Support,🚨 Budget Exceeded,100,106.64,63.983,60,3.98,Critical
ALT-0365,2025-08-11,2025-08,Q3 2025,2025,Support,🟠 Halfway (50%),50,50.11,30.0651,60,0.0,Info
ALT-0366,2025-08-16,2025-08,Q3 2025,2025,Support,🟡 Warning (70%),70,76.69,46.012,60,0.0,Warning
ALT-0367,2025-08-22,2025-08,Q3 2025,2025,Support,🔴 Critical (90%),90,90.09,54.0527,60,0.0,Critical
ALT-0368,2025-08-27,2025-08,Q3 2025,2025,Support,🚨 Budget Exceeded,100,108.19,64.9169,60,4.92,Critical
ALT-0369,2025-09-09,2025-09,Q3 2025,2025,Support,🟠 Halfway (50%),50,52.16,31.2975,60,0.0,Info
ALT-0370,2025-09-17,2025-09,Q3 2025,2025,Support,🟡 Warning (70%),70,74.46,44.6783,60,0.0,Warning
ALT-0371,2025-09-25,2025-09,Q3 2025,2025,Support,🔴 Critical (90%),90,91.39,54.8312,60,0.0,Critical
ALT-0372,2025-09-30,2025-09,Q3 2025,2025,Support,🚨 Budget Exceeded,100,100.32,60.1919,60,0.19,Critical
ALT-0373,2025-10-10,2025-10,Q4 2025,2025,Support,🟠 Halfway (50%),50,55.18,33.1076,60,0.0,Info
ALT-0374,2025-10-15,2025-10,Q4 2025,2025,Support,🟡 Warning (70%),70,73.86,44.3174,60,0.0,Warning
ALT-0375,2025-10-21,2025-10,Q4 2025,2025,Support,🔴 Critical (90%),90,98.81,59.2875,60,0.0,Critical
ALT-0376,2025-10-22,2025-10,Q4 2025,2025,Support,🚨 Budget Exceeded,100,106.02,63.6143,60,3.61,Critical
ALT-0377,2025-11-13,2025-11,Q4 2025,2025,Support,🟠 Halfway (50%),50,56.87,34.1224,60,0.0,Info
ALT-0378,2025-11-17,2025-11,Q4 2025,2025,Support,🟡 Warning (70%),70,70.93,42.5573,60,0.0,Warning
ALT-0379,2025-11-20,2025-11,Q4 2025,2025,Support,🔴 Critical (90%),90,91.01,54.6078,60,0.0,Critical
ALT-0380,2025-11-23,2025-11,Q4 2025,2025,Support,🚨 Budget Exceeded,100,101.61,60.9686,60,0.97,Critical
ALT-0381,2025-12-12,2025-12,Q4 2025,2025,Support,🟠 Halfway (50%),50,51.06,30.6342,60,0.0,Info
ALT-0382,2025-12-19,2025-12,Q4 2025,2025,Support,🟡 Warning (70%),70,71.64,42.9866,60,0.0,Warning
ALT-0383,2025-12-24,2025-12,Q4 2025,2025,Support,🔴 Critical (90%),90,90.61,54.364,60,0.0,Critical
ALT-0384,2025-12-26,2025-12,Q4 2025,2025,Support,🚨 Budget Exceeded,100,100.73,60.4368,60,0.44,Critical
